horse.html,farriers,302,specialists,302,shelter,302,water,302,food,302,pregnant,302,extracted,302,hide,302,warmbloods,302,milk,302,control,302,foal,302,methods,302,general,302,styles,302,their,604,riding,604,warfare,302,historically,302,were,302,working,302,recreational,302,small,302,began,302,sport,302,interact,302,called,604,police,302,covering,302,world,302,europe,302,particularly,302,purposes,302,creating,302,focusing,302,crosses,302,uses,302,work,604,slow,302,suitable,302,ponies,302,cold,604,endurance,302,speed,302,bloods,1208,categories,302,divided,302,five,302,age,302,development,302,techniques,302,draft,302,adult,302,predators,604,full,302,average,302,four,302,ages,302,often,302,veterinarians,302,extant,302,between,906,under,302,tending,302,harness,302,training,302,loosely,302,most,302,are,2114,following,302,shortly,302,therapy,302,competitions,302,stand,302,markings,302,young,604,specific,302,wide,604,such,906,creature,302,months,302,entertainment,302,sleep,604,noncompetitive,302,approximately,302,taxonomic,302,carry,302,reach,302,adults,302,believed,302,which,302,more,604,bone,302,significantly,302,with,906,sense,302,activities,302,standing,302,based,302,equus,604,quickly,302,urine,302,able,302,possess,302,equinerelated,302,past,302,trait,302,heavy,302,agriculture,302,eohippus,302,need,302,response,302,balance,302,escape,302,hair,302,related,302,allowing,302,been,604,locomotion,302,breeds,1208,colors,302,driving,302,stages,302,life,302,hoofed,302,everything,302,wild,906,lifespan,302,mares,604,run,604,provide,302,years,604,specialized,302,equidae,302,horse,1510,extensive,302,unusual,302,term,302,true,302,saddle,302,feral,604,younger,302,flee,302,than,604,strong,302,developed,906,live,302,different,604,lying,302,size,302,pharmaceuticals,302,anatomy,302,female,302,although,302,including,302,widespread,302,using,302,by,604,fightorflight,302,domestication,302,domesticated,1812,caballus,604,bce,604,excellent,302,belongs,302,domesticating,302,adapted,302,equipment,302,behavior,302,populations,604,humans,906,ferus,604,animal,302,birth,302,singletoed,302,horses,4530,large,302,attention,302,multitoed,302,begin,302,describe,604,for,1208,as,2718,vocabulary,302,from,2416,concepts,302,meat,302,products,302,into,604,million,302,over,302,temperament,302,hot,604,subspecies,604,derived,302,family,302,spirited,302,variety,604,has,302,mammal,302,pursuits,302,onetoed,302,evolved,302,used,906,both,302,around,302,

pony.html,endearment,175,called,175,fullsized,175,phenotype,175,pedigree,175,its,350,animal,175,classify,175,breeds,175,needed,350,hcitation,175,nearly,175,cm,350,about,175,vary,175,define,175,organizations,175,size,175,strong,175,term,175,unusually,175,learning,175,ride,175,cunning,175,stubborn,175,also,175,generally,175,conformation,175,competitive,175,recreational,175,broader,175,pack,175,mounts,350,kept,175,modern,350,intelligent,175,legs,175,great,175,properly,175,riding,350,cultural,175,loads,175,pony,1225,hauling,175,pit,175,particularly,175,revolution,175,trained,175,industrial,175,conservation,175,mature,175,wider,175,beasts,175,by,175,considered,175,used,350,were,350,are,875,derives,175,immature,175,young,175,sometimes,350,neck,175,foal,175,reasons,175,for,875,tail,175,as,1400,ferus,175,exact,175,traditionally,175,meaning,175,from,525,mines,175,word,175,horses,175,barrel,175,old,175,coal,175,head,175,children,175,bone,175,britain,175,type,175,appropriate,175,larger,350,ridden,175,heavier,175,who,175,withers,350,shorter,350,proportionally,175,mane,175,poulenet,175,driving,350,during,175,coat,175,below,175,thicker,350,under,175,french,175,temperament,175,specific,175,heightcitation,175,matter,175,childrens,175,with,350,compared,175,ponies,1050,caballus,175,described,175,height,350,context,175,their,175,approximate,175,small,525,horse,1400,friendly,175,depending,175,adults,175,equus,175,

marinelife.html,meaning,245,latin,245,term,245,biology,245,scientifically,245,biomass,245,constituting,245,protists,245,known,245,largest,245,whale,245,blue,245,cetaceans,245,micrometres,245,small,245,from,490,size,245,million,245,perhaps,245,documented,490,than,245,otters,245,dolphins,245,although,245,instead,245,periodically,245,tubes,245,breathing,245,including,490,survive,245,total,245,microscopic,245,range,490,length,245,wide,245,organisms,735,producers,245,key,245,phytoplankton,490,oceanography,245,particularly,245,waters,245,chain,245,viruses,245,breathe,245,food,245,foundation,245,general,245,plants,245,plankton,245,underwater,245,as,1715,for,245,basis,245,lungs,245,algae,245,mammals,490,such,490,ft,245,are,735,plant,245,both,490,oxygenated,245,coral,245,whales,490,gills,245,manatees,245,protect,245,seals,490,turtles,245,snakes,245,subsets,245,lives,245,amphibians,490,grow,245,lungfish,245,exclusively,245,mare,245,form,245,air,245,spend,245,other,490,earliest,245,invertebrates,245,space,245,bacteria,245,living,245,about,735,returned,245,modifications,245,even,245,shape,245,comes,245,species,980,volume,245,portions,490,new,245,habitats,245,initially,245,yet,245,forms,735,need,245,salt,245,help,245,animal,245,microorganisms,490,produce,245,shorelines,245,vertebrates,245,primary,245,ocean,980,like,490,carbon,245,oxygen,245,evolved,735,sequester,245,marine,3920,eg,490,ecosystems,245,appeared,245,associated,245,live,490,by,245,their,490,reptiles,245,each,245,life,1715,seas,245,part,245,been,490,planet,490,create,245,fundamental,245,mostly,245,land,490,siphons,245,nature,245,mollusc,245,coastal,245,oceans,490,studied,245,estuaries,245,provide,245,biological,245,building,245,into,490,level,245,poorly,245,exhibit,245,affects,245,huge,245,kelp,245,group,245,estimated,245,animals,245,fish,735,surface,245,water,1225,sea,980,more,245,which,980,most,245,brackish,245,variously,245,reaching,245,reefs,245,

porpoise.html,research,292,trained,292,captivity,292,been,292,cetacean,292,endangered,292,under,876,similar,292,baiji,292,depths,292,extinction,292,since,292,appearance,292,population,292,calves,292,predicted,292,extinct,292,individuals,292,beak,584,nearly,292,form,292,metals,292,food,292,nets,584,gill,584,bycatch,584,environments,292,drive,292,countries,292,hunted,292,groups,292,navigation,292,used,292,conditions,292,clicks,292,considered,292,diving,292,adapted,292,produce,292,until,292,smallest,292,for,1168,summer,292,dalls,584,born,292,favourable,292,were,292,year,292,reproductive,292,about,292,odontocetes,292,closely,292,rest,292,education,292,like,292,much,292,squid,292,pollution,292,larger,584,largely,292,cortez,292,tropical,292,temperatures,292,covering,292,ocean,292,found,292,get,292,harbour,584,coastal,292,waters,292,toothed,584,multitude,292,remain,292,finless,292,weight,292,sexual,292,including,292,sensory,292,cold,292,large,292,females,584,warm,292,skin,292,behaviour,292,extensive,292,polar,292,public,292,size,292,blubber,292,hunting,292,by,876,layer,292,shelf,292,as,584,abundant,292,also,292,more,292,which,584,system,292,classified,292,echolocation,584,into,292,teeth,584,flippers,292,ungulates,292,fewer,292,limbs,292,belong,292,exhibit,292,spring,584,known,292,most,292,lb,292,kg,292,following,292,are,3796,ft,292,female,292,pounds,292,feed,292,although,584,kilograms,292,sea,292,due,292,dependent,292,dolphins,1460,feet,292,vaquita,1460,streamlined,292,with,584,contrast,292,greenland,292,cetartiodactyla,292,cetaceans,584,typically,292,other,292,display,292,primary,292,modified,292,means,292,dolphin,584,calf,292,true,292,hectors,292,months,292,mammals,292,among,292,distinct,292,spadeshaped,292,range,292,competition,292,distinguished,292,lack,584,species,1460,fat,292,open,292,kept,292,eight,292,dimorphism,292,from,1460,eventoed,292,extant,292,males,292,length,292,heavy,292,include,292,social,584,narwhals,292,fish,292,fully,292,flattened,292,than,876,little,292,spectacled,292,water,584,keep,292,inches,292,every,292,phocoenidae,292,belugas,292,related,292,rivers,292,great,292,metres,292,parvorder,292,both,292,ultrasonic,292,porpoises,3504,whales,584,conical,292,communication,292,clade,292,marine,584,eg,292,aquatic,292,dozen,292,family,292,particular,292,bodies,292,pronounced,584,all,1168,threats,292,their,584,porpoise,2044,organochlorides,292,fisheries,292,odontoceti,292,still,292,group,292,

gorilla.html,areas,212,conservation,212,threaten,212,disease,212,destruction,212,such,212,survival,424,threats,212,where,212,endangered,636,critically,424,around,212,thought,212,rwanda,212,border,212,its,212,countries,212,west,212,central,212,level,212,successful,212,as,1272,sea,212,next,212,distinguished,212,swamps,212,lowland,848,from,636,ranging,212,cloud,212,eastern,848,volcanoes,212,gorillas,2332,rift,212,albertine,212,inhabits,212,dense,212,elevations,212,percentage,212,small,212,covers,212,congo,212,altitude,212,although,212,great,212,virunga,212,forest,212,cover,424,african,212,their,424,natural,212,near,212,included,212,wild,424,which,424,differences,212,morphological,212,minor,212,other,212,both,212,low,212,fur,212,habitat,212,mountain,424,colour,212,darker,212,democratic,212,by,424,range,424,being,212,exception,212,leader,212,gorilla,1272,with,848,troops,212,depending,424,sex,212,classified,636,are,1484,ft,212,equatorial,212,spans,212,heights,212,marshes,212,chimpanzees,212,years,212,after,212,poaching,212,bonobos,212,living,848,between,424,silverback,212,relatives,212,tend,424,what,212,arm,212,kg,212,dna,212,however,212,divided,212,primates,212,metres,636,similar,212,closest,212,tropical,424,efforts,212,highly,212,live,848,subspecies,424,five,212,apes,212,four,212,all,212,subsaharan,424,genus,212,into,212,wide,212,subtropical,212,species,848,weights,212,republic,212,largest,212,humans,424,africa,636,western,848,forests,636,iucn,212,inhabit,212,habitats,212,been,212,called,212,herbivorous,212,predominantly,212,grounddwelling,212,montane,212,reaching,212,

shark.html,early,84,from,84,known,84,selachians,84,ordovician,84,old,84,chondrichthyanlike,84,jurassic,84,though,84,period,84,devonian,84,xenacanths,84,chondrichthyans,84,late,84,morphology,84,fossilized,84,doliodus,84,sharklike,168,members,84,oldest,84,such,168,including,84,category,84,as,420,shark,84,clade,84,sister,84,term,84,about,84,hybodonts,84,extend,84,kin,84,scales,84,selachii,84,modern,168,with,84,elasmobranch,84,selachimorpha,84,pectoral,84,skeleton,84,rays,84,sources,84,cartilaginous,168,sides,84,fused,84,seven,84,gill,84,batoidea,84,sharks,252,fins,84,fish,168,extinct,84,are,504,head,168,five,84,appeared,84,chondrichthyes,84,slits,84,informal,84,by,84,cladoselache,84,within,84,group,168,characterized,84,classified,84,

primate.html,threatens,317,clearing,317,food,317,pets,317,medicines,317,hunting,317,drives,317,monkey,317,forest,634,deforestation,317,threats,317,world,317,least,317,around,317,thousands,317,ebola,317,herpes,317,limbs,634,zoonotic,317,similarity,317,research,317,transmission,317,close,317,opportunities,317,vocalizations,317,which,1902,gestures,317,facial,317,terrestrial,951,communicate,317,unimale,317,holding,317,recorded,317,intelligent,317,longer,317,agriculture,317,monkeys,634,later,317,reach,317,psychological,317,similarly,317,females,317,amount,317,using,317,by,634,systems,317,nonhuman,1268,their,317,brains,634,knucklewalking,317,harems,317,groups,951,pairs,317,forming,317,animals,634,include,1585,social,634,hand,317,four,634,modified,317,bipedalism,317,branches,317,between,951,swinging,317,size,634,tree,634,leaping,317,techniques,634,movement,634,tools,317,locomotion,634,climbing,317,all,317,than,634,baboons,317,adolescent,317,eastern,317,nhps,317,smells,317,thumbs,317,relative,317,about,317,largescale,317,opposable,317,developed,317,features,317,rabies,317,especially,317,also,634,forests,317,more,317,system,317,virus,317,gorillas,317,walking,634,are,3170,weighing,317,expense,317,sense,317,acuity,634,reliance,317,for,1585,as,951,continue,317,other,634,right,317,depending,317,chimpanzee,317,diseases,634,described,317,allowing,317,types,317,dominant,317,were,317,fragmentation,317,represent,317,interactions,317,discovered,317,over,634,new,317,species,1585,increased,317,rather,317,most,1585,apes,634,lb,317,adult,317,galagos,317,with,317,lorisids,317,lorises,317,life,317,gorilla,634,arboreal,634,hepatitis,317,noticeably,317,primate,1268,lemur,317,mouse,317,family,317,oz,317,madame,317,multimalemultifemale,317,range,317,hands,317,body,317,vision,317,dextrous,317,girdle,317,joint,317,trees,951,development,317,degree,317,visual,634,shoulder,634,sensory,317,kg,317,tropical,634,smell,317,human,317,classification,317,divided,317,primates,5072,large,951,weighs,317,adapted,317,environment,317,measles,317,challenging,317,tarsiers,317,haplorhines,317,into,317,sized,317,brachiation,317,used,951,adaptations,634,slower,317,berthes,317,characteristics,317,living,634,threatened,317,ago,317,maturity,317,common,317,strepsirrhines,317,small,317,from,951,compared,317,million,317,arose,317,baby,634,humans,1268,primarily,317,rates,317,physiological,317,lifespans,317,defined,317,lemurs,634,color,317,left,317,years,317,extinction,317,create,317,diverse,317,simians,317,order,317,among,317,mammals,1585,including,1268,

lizard.html,tails,132,regrow,132,sacrifice,132,except,132,across,132,bleeding,132,reflex,132,lizards,1188,adaptations,132,variety,132,make,132,water,132,big,132,able,132,while,132,other,264,antipredator,132,insects,132,eat,132,predators,132,excluded,132,sitandwait,132,being,132,mainly,132,paraphyletic,132,colours,132,such,132,mammals,132,bright,132,all,132,fighting,132,attract,132,males,264,territorial,132,camouflage,132,intimidate,132,bodies,132,snakelike,132,reptiles,132,their,264,rivals,132,often,396,lost,132,smaller,132,antarctica,132,legless,132,lineages,132,motion,132,than,132,strong,132,sidetoside,132,amphisbaenia,132,dragon,132,quadrupedal,132,carnivorous,132,with,396,running,132,komodo,264,long,264,since,132,range,132,signalling,132,chameleons,132,over,132,draco,132,groups,132,geckos,132,meterlong,132,venom,132,widespread,132,including,132,related,132,excludes,132,centimeters,132,closely,132,buffalo,132,size,132,although,132,ability,132,snakes,132,most,264,more,132,chains,132,island,132,oceanic,132,eats,132,forestdwelling,132,ranging,132,from,132,glide,132,as,792,known,132,legs,132,species,264,squamate,132,mates,132,secondarily,132,group,264,continents,132,are,924,

whale.html,world,528,tourism,528,watching,528,capture,528,months,528,within,528,poor,528,perform,528,kept,528,small,528,melvilles,528,film,528,literature,528,sometimes,1056,vietnam,528,inuit,528,depicted,528,occasionally,528,various,528,been,1584,traditionally,528,meat,528,besides,528,endangered,528,ranked,528,pacific,528,twentieth,528,became,528,nearly,528,atlantic,528,pollution,528,north,1056,protected,528,peoples,1056,relentlessly,528,threat,528,born,528,calves,528,only,528,year,528,every,1056,typically,1056,feeding,528,without,528,hunted,528,thousands,528,century,528,capable,528,humpbacks,528,equator,528,migrate,528,hemispheres,528,northern,528,prefer,528,extended,528,critically,528,notably,1056,vocalizations,528,flexible,528,though,528,variety,528,knots,528,speeds,528,travel,528,tricks,528,limbs,528,bodies,528,die,528,streamlined,528,with,1584,often,528,skin,528,under,528,fat,528,by,2112,layer,528,warmblooded,528,expelled,528,worldwide,528,used,528,taken,528,through,528,top,528,form,528,fringelike,528,located,528,suckle,528,nostrils,528,multiple,528,retaining,528,blowholes,528,air,1056,prey,528,extinct,528,favoured,528,depths,528,great,1584,produce,528,considered,1056,adapted,1056,cetotheriidae,528,diving,528,blind,528,mobydick,528,beaked,528,are,9504,even,528,below,528,cultures,528,bycatch,528,right,1584,birth,1056,above,528,hearingwhether,528,keen,528,give,1056,squid,1056,fish,528,catching,528,able,528,smell,528,their,5280,welldeveloped,528,also,1584,famous,528,stay,528,mothers,528,time,1056,physeteridae,528,must,528,lived,528,mouth,528,once,528,into,1056,quantities,528,captivity,528,mouths,528,pleats,528,tonnes,528,body,528,much,528,arctic,528,catch,528,plankton,528,ago,1056,krill,528,face,528,take,1056,large,528,surface,1056,novel,528,water,1056,mouthfuls,528,breathe,528,herman,528,expel,528,apart,528,underwater,1056,spring,528,plates,528,instead,528,who,528,waterthat,528,raising,528,flippers,528,teeth,1056,massand,528,regularly,528,particularly,528,larger,528,white,528,males,1056,females,2112,baleen,2640,sexual,528,earth,528,bear,528,modified,1056,fast,528,while,528,toothed,1584,remain,528,animal,528,songs,528,expand,528,largest,1056,responsibility,528,periods,528,enormousmaking,528,tons,528,feed,1056,blue,1056,throat,528,minutes,528,known,528,breeding,528,most,528,lb,528,widespread,528,kilograms,528,size,528,total,528,heads,1056,range,528,sea,528,belugas,1056,mate,1584,raise,528,odontocetes,528,openocean,528,seals,528,has,1584,six,528,sperm,3168,ft,1056,conical,528,living,1056,narwhals,528,members,528,ie,528,monodontidae,528,rorquals,528,grey,1056,widely,528,balaenopteridae,528,population,1056,balaenidae,528,ungulates,528,ziphiidae,528,humpback,528,families,1056,four,528,international,528,than,528,coastal,528,waters,528,mysticetes,528,agile,528,around,1056,mysticeti,528,ancestor,528,blubber,1056,informal,1056,kogiidae,528,success,528,last,528,eschrichtiidae,528,travelling,528,cetaceans,1056,thought,528,sense,1056,cladistic,528,million,1056,odontoceti,528,long,528,predator,528,formal,528,other,1056,diverged,528,whalers,528,whales,13728,relatives,528,metres,1056,iucn,528,include,1056,pygmy,1056,cetartiodactyla,528,consists,528,become,528,example,528,landliving,528,which,2640,although,1056,contrast,528,order,528,correspond,528,ghana,528,exhibit,528,belong,528,porpoises,2112,dolphins,2112,noncetacean,528,species,3168,fusiform,528,short,528,law,528,colder,528,hippopotamuses,528,perspective,528,dimorphism,528,from,3696,summer,528,for,3168,as,5808,infraorder,528,cetacea,528,colloquial,528,distributed,528,funerals,528,products,528,about,528,low,528,dwarf,1056,whale,7392,parvorders,528,feature,528,indigenous,528,grouping,528,closest,528,such,2640,hold,528,mammals,1056,had,528,marine,1056,aquatic,1056,evolved,528,all,1056,threats,528,placental,528,fully,1056,diverse,528,common,528,animals,1056,trained,528,southern,528,huge,1056,nurse,528,enable,1056,structures,528,miles,528,group,528,young,1056,extant,528,eventoed,528,survive,528,years,2112,

pipefish.html,strong,144,quite,144,flagtail,144,known,144,such,144,group,144,dermal,144,descriptions,144,tail,144,as,576,for,288,used,144,collectively,144,straightbodied,144,unlike,144,from,144,caudal,288,thin,144,pipefishes,144,extremely,144,movements,144,means,144,narrow,144,fins,432,by,144,placed,144,fish,144,water,144,open,144,very,144,cover,144,swimmerscitation,144,gill,288,developed,288,tails,144,like,288,absent,144,consistently,144,pipefish,576,angle,144,swimmers,144,ventral,144,only,144,through,144,principal,144,derived,144,present,144,always,144,fin,576,slowly,144,oval,144,openings,144,section,144,armored,144,rapid,144,mouths,144,into,144,each,144,skeleton,288,organ,144,long,288,longitudinal,144,body,288,moving,144,highly,144,majority,288,look,144,modified,144,needed,144,species,432,ridges,144,peculiar,144,near,144,are,720,toothless,144,vertical,144,round,144,small,288,with,144,prehensile,144,tube,144,more,144,which,576,angular,144,name,144,upper,144,mouth,144,opens,144,seahorses,432,see,144,dorsal,288,upwards,144,looks,144,weak,144,plating,144,posterior,144,ending,144,formed,144,snakelike,144,snout,144,fishes,144,locomotion,288,tiny,144,other,288,form,288,anatomy,144,has,144,

snake.html,alive,255,injury,255,primarily,255,potent,255,papyrus,255,constriction,255,preserved,255,event,255,extinction,255,diversity,255,between,255,dating,255,fossils,255,burrowing,255,thought,255,long,255,was,255,cerrejonensis,255,titanoboa,255,fossil,255,enough,255,after,255,meters,510,oldest,255,reticulated,255,aquatic,255,threadsnake,255,barbados,255,nonvenomous,510,cmlong,255,tiny,255,range,255,period,255,about,510,currently,255,recognized,255,thirty,255,throughout,255,venom,510,widespread,255,additionally,255,perhaps,255,central,255,atlantic,255,zealand,255,hawaiian,255,greenland,255,new,255,iceland,255,around,255,ireland,255,large,255,epoch,255,include,255,masses,255,pygopodidae,255,every,255,comprising,255,dibamidae,255,cretaceouspaleogene,255,see,255,ago,510,universal,255,although,255,possess,255,carnivorous,255,external,255,oceans,510,evolution,255,amniote,255,retain,255,convergent,255,modern,255,least,255,reduced,255,descriptions,255,greatly,255,without,255,elongate,255,amphisbaenia,255,leading,255,evolved,510,appeared,255,lizards,1020,painful,255,cloaca,255,sea,255,claws,255,jurassic,255,rule,255,pair,255,islands,765,pelvic,255,snakes,3060,girdle,255,lung,255,except,255,more,255,which,255,indian,255,most,765,during,510,eyelids,255,independently,255,selfdefense,255,only,255,side,765,serpentes,255,twentyfive,255,kidneys,255,antarctica,255,legless,510,ancestors,255,paleocene,255,paired,255,bodies,510,rather,255,known,255,kinesis,255,genera,255,families,255,times,255,small,255,archipelago,255,limbs,510,lizard,255,for,255,as,1020,heads,255,cranial,255,pacific,510,vestigial,255,kill,510,larger,255,length,255,exceptions,255,common,255,reptiles,255,their,765,squamates,255,prey,765,organs,255,appear,255,like,255,skulls,255,scales,255,humans,255,resemble,255,smaller,255,vertebrates,255,continent,255,joints,255,than,765,ectothermic,255,lineages,255,suborder,255,lack,255,ears,255,species,1275,subdue,255,brooklyn,255,python,255,with,1020,such,510,groups,255,earliest,255,other,510,living,255,land,255,covered,255,front,255,from,510,limbless,255,narrow,255,functional,255,by,510,overlapping,255,found,510,much,255,via,255,all,255,snake,255,elongated,255,instead,255,srpntiz,255,swallow,510,death,255,size,255,accommodate,255,enabling,255,ft,510,are,1785,

reptile.html,kg,298,ft,298,reach,298,porosus,298,descended,298,crocodile,298,archosauromorpha,298,saltwater,298,sphaerodactylus,298,size,298,range,298,kin,596,hatchlings,298,analogous,298,ancestors,298,through,298,transport,298,all,1192,surrounded,298,eggshell,298,contained,298,by,298,using,298,nonmammalian,298,for,596,tiny,298,mother,298,fetus,298,providing,298,forms,298,were,298,rptli,298,viviparous,596,feed,298,although,298,oviparous,298,altogether,298,stage,298,related,596,unlike,298,became,298,placenta,596,like,298,creatures,298,extant,298,refers,298,tetrapod,298,groups,298,inhabit,298,over,596,eggs,298,abandon,298,amniotes,596,reproduction,298,aquatic,596,favor,298,eg,298,crocodyliforms,298,lb,298,most,596,alongside,298,nonavian,298,plesiosaurs,298,wiped,298,superficially,298,event,298,years,298,particular,298,weigh,298,extinction,596,mass,298,due,298,extinct,596,advanced,298,diverse,298,permian,298,dinosaurs,298,addition,298,end,298,combination,298,near,298,rhynchocephalians,298,cases,298,lineages,298,largest,298,length,298,defined,298,data,298,during,298,genetic,298,tuatara,298,animal,298,earliest,596,lizardlike,298,diverged,298,limbs,298,reptiliomorph,298,protoreptiles,298,small,298,hylonomus,298,gecko,298,argues,298,grouping,298,was,298,true,298,rather,298,dry,596,reptilee,298,develops,298,events,298,considered,298,adapted,298,tetrapods,298,evolved,298,having,298,care,298,antarctica,298,about,298,includes,298,system,298,period,596,ago,298,membranes,298,cladistic,596,million,298,herpetology,298,called,298,amphibians,596,lepidosauromorpha,298,with,596,other,596,four,298,originated,298,customarily,298,mammals,596,except,596,life,298,clade,596,orders,298,land,596,term,596,redefining,298,systems,298,adapt,298,modern,1192,clades,298,cretaceouspaleogene,298,closely,596,however,298,mosasaurs,298,are,3278,separate,298,pterosaurs,298,linnaean,298,around,298,larval,298,more,596,which,1490,grow,298,ariasae,298,definitions,298,fetuses,298,species,1192,than,894,include,298,vertebrates,298,database,298,their,596,reptiles,3576,protection,298,eureptile,298,reptile,1490,march,298,sauropsida,298,fourlimbed,298,lizards,596,turtles,298,reptilia,596,within,596,paraphyletic,298,classification,596,class,596,fossil,298,carboniferous,298,traditional,596,birds,1490,various,298,comprising,298,snakes,596,crocodilians,894,initial,298,crocodylus,298,increasingly,298,animals,298,as,1490,commonly,298,continents,298,nonbird,298,living,894,study,596,sauropsids,298,mm,298,from,894,squamates,894,known,596,comprise,298,

monkey.html,whiskersbetter,305,sensory,305,penis,305,only,305,having,305,other,305,distinguished,305,ensemble,305,simia,305,homo,305,genus,305,single,305,placed,305,linnaeus,305,leclerc,305,georgeslouis,305,buffon,305,realized,305,including,915,mean,305,taken,305,humans,305,designate,305,directly,305,resistance,305,has,305,cladistically,305,haplorhine,305,strepsirrhini,305,galagos,305,lemurs,305,primatologists,305,parapithecus,305,basal,305,recognised,305,strepsirrhine,305,roughly,305,ago,1220,tarsiers,915,haplorhini,610,lack,305,century,305,suborder,610,intelligent,305,during,305,nipples,305,constitutes,305,active,305,mainly,305,incomplete,305,ground,305,arboreal,305,apes,3965,primarily,305,mammals,305,such,610,related,305,lancien,305,extinct,610,tree,305,deep,305,catarrhine,610,extant,610,source,610,than,305,likely,305,needed,1220,species,915,worldcitation,305,from,610,pendulous,305,monkeys,6405,america,305,south,305,migration,305,emerged,1220,hominoidea,305,million,1525,nine,305,considered,610,new,610,geoffroy,305,diurnal,305,all,305,before,305,platyrrhini,915,members,305,french,305,divergence,305,monde,305,world,1830,sans,305,catarrhini,1220,baboons,305,pectoral,305,sister,1220,animals,305,established,305,simians,2135,afroarabia,305,diverged,305,together,610,already,305,distinctly,305,primates,915,however,915,been,305,cercopithecidae,1220,thus,610,common,305,their,305,regards,305,de,610,especially,305,closer,305,broader,305,which,305,most,610,except,305,included,305,terms,305,comte,305,cladistics,305,infraorder,305,based,305,with,305,lorises,305,scopecitation,305,old,1525,within,1525,paraphyletic,305,cercopithecoidea,305,by,1525,refer,305,synonyms,305,group,1830,generally,305,was,305,grouping,305,also,1525,years,1525,are,4575,although,305,grouped,305,traditionally,305,about,305,treedwelling,305,singes,610,as,2745,between,305,known,610,simiiformes,305,oceanbetter,305,making,305,monkey,1220,name,610,live,305,aegyptopithecus,305,sense,305,counted,305,

octopus.html,seas,224,world,224,erotic,224,toilers,224,book,224,monsters,224,sea,448,humans,448,only,224,deceit,224,appears,224,hide,224,threat,224,works,224,camouflage,224,ink,224,ability,224,expulsion,224,against,224,include,224,themselves,224,also,224,hatch,224,until,224,shunga,224,den,224,eggs,224,deposits,224,strategies,224,female,224,senescent,224,mediterranean,224,after,448,cavity,224,mantle,224,females,224,japanese,224,bundle,224,deliver,224,into,224,uses,224,such,224,respiration,224,radically,224,among,224,shortlived,224,sight,224,early,224,known,224,mature,224,eaten,224,siphon,224,grow,224,depths,224,abyssal,224,others,224,becomes,224,live,224,art,224,sperm,224,seabed,224,pelagic,224,reefs,224,including,224,kraken,224,ocean,224,its,224,regions,224,various,224,all,448,delicacy,224,akkorokamui,224,eight,448,behaviourally,224,most,672,water,448,especially,224,which,448,system,224,expelling,224,complex,224,by,448,victor,224,locomotion,224,coral,224,both,224,swim,224,norway,224,blueringed,224,excellent,224,their,224,as,672,for,896,gaps,224,zone,224,enabling,224,jet,448,even,224,shape,224,other,448,bilaterally,224,squeeze,224,ainu,224,venomous,224,squids,224,dies,448,soft,224,alter,224,asian,224,deadly,224,ktpd,224,limbs,224,small,224,point,224,are,1120,considered,224,defend,224,center,224,male,224,through,448,waters,224,class,224,parts,224,octopoda,224,softbodied,224,within,224,predators,224,symmetric,224,octopus,672,behind,224,adapted,224,octopuses,1792,cephalopods,224,beaked,224,inspiring,224,consists,224,like,448,ian,224,probably,224,nautiloids,224,cuttlefish,224,hugos,224,while,224,quickly,448,fertilised,224,intertidal,224,variants,224,with,672,invertebrates,224,battle,224,species,672,intelligent,224,eyes,224,oktopd,224,displays,224,directly,224,cephalopoda,224,diverse,224,used,224,mollusc,224,octopussy,224,gorgon,224,nervous,224,arm,224,body,224,ancient,224,below,224,specially,224,appendages,224,appear,448,order,448,greece,224,eightlimbed,224,trail,224,grouped,224,flemings,224,mythology,224,cares,224,inhabit,224,pl,224,mouth,224,see,224,octopodes,224,

mammal.html,prehistoric,139,omnivorous,139,into,139,modern,139,allow,139,specialized,139,employ,139,living,139,litopterna,139,bacteria,139,other,278,typically,139,early,139,descended,139,were,278,cellulose,139,with,139,indicate,139,from,139,clade,139,discoveries,139,characteristics,139,consists,139,morphological,139,typical,139,recent,139,carnivorous,139,possess,139,descriptive,139,animal,139,gut,139,normally,139,being,139,roughly,139,ungulate,139,end,139,notoungulata,139,although,139,weight,139,support,139,ago,139,mesonychians,139,toes,139,moving,139,cattle,139,deer,139,their,278,south,139,are,695,classified,139,including,139,herbivorous,139,whales,139,porpoises,139,tapirs,139,sheep,139,hoofed,417,extinct,139,divided,139,camels,139,orders,278,term,278,such,556,mammals,139,pigs,278,species,278,hippopotamuses,139,as,973,artiodactyls,139,artiodactyla,139,while,278,cetaceans,278,means,139,large,139,oddtoed,139,tips,139,horses,139,perissodactyla,139,members,139,terrestrial,139,around,139,rhinoceroses,139,native,139,hooves,278,standing,139,body,139,also,278,dolphins,139,america,139,giraffes,139,excludes,139,primarily,139,pleistocene,139,ungulata,139,digest,139,most,278,which,139,eventoed,278,years,139,became,139,ungulates,1251,diverse,139,

urchin.html,mammals,97,marine,97,fish,97,include,97,predators,97,slowmoving,97,diet,97,primary,97,algae,97,starfish,97,their,97,propel,97,also,194,feet,97,crawling,97,long,97,such,97,range,97,spines,388,eat,194,covered,97,hard,97,although,97,about,97,round,97,tests,97,spherical,97,fathoms,97,inhabit,97,black,97,echinoidea,97,ft,97,themselves,97,meters,97,slowly,97,move,97,seashore,97,seabed,97,shells,97,outliers,97,animals,97,globular,97,cm,194,live,97,humans,97,spiny,97,intertidal,97,depth,97,as,291,from,194,every,194,crabs,97,zone,97,tube,97,with,291,wide,97,species,97,sea,679,class,97,ocean,97,urchins,485,rtnz,97,sessile,97,length,97,urchin,291,variety,97,echinoderms,97,possessing,97,most,97,are,291,

dolphins.html,whistles,203,form,203,time,203,long,203,young,203,nurse,203,fast,203,mothers,203,all,203,summer,203,calves,203,year,203,multiple,203,mate,406,typically,406,male,203,only,203,squid,203,fish,203,largely,203,feed,406,with,203,climates,203,whale,203,right,203,months,203,mammals,203,such,609,zones,203,tropic,203,prefer,406,large,203,warm,406,skin,203,size,203,blubber,203,blind,203,layer,203,relatively,203,depths,203,great,203,spring,203,diving,203,even,203,developed,203,years,203,survive,203,world,203,air,203,both,203,as,1218,for,812,shortton,203,adapted,406,which,203,teeth,203,conical,203,pontoporiidae,203,their,406,born,203,leap,203,hour,203,cold,203,under,203,lipotidae,203,travel,203,per,203,briefly,203,every,406,seals,406,produce,203,kilometres,203,new,203,quite,203,into,203,streamlined,203,flexible,203,males,203,females,812,than,203,larger,203,from,203,dimorphism,203,flippers,203,sexual,203,limbs,203,river,609,variety,203,belong,203,exhibit,203,various,203,usually,203,welldeveloped,203,widespread,203,tonne,203,species,1218,brackish,203,pound,203,speeds,203,are,1421,ft,609,bear,203,range,203,clicks,203,chinese,203,modified,203,dolphin,1015,within,203,aquatic,203,iniidae,203,metrelong,203,mauis,203,mph,203,most,203,indian,203,baiji,203,platanistidae,203,bodies,203,vocalizations,203,dolphins,2639,fastmoving,203,where,203,named,203,oceanic,203,capture,203,families,203,responsibility,203,though,203,cetacea,203,orca,406,hearing,203,mammal,203,colder,203,fat,203,raising,203,extant,203,infraorder,203,water,406,prey,203,extinct,203,keep,203,metres,203,period,203,about,203,waters,203,kilogram,203,delphinidae,203,

fish.html,periods,304,time,304,cultures,304,cetaceans,304,purpose,304,preferred,304,vertebrate,304,including,304,sense,304,cladistic,304,systematic,304,taxonomic,304,formal,304,considered,608,paraphyletic,304,rendered,304,ichthyes,304,pisces,304,fishes,304,traditionally,304,lobefinned,304,tetrapods,1216,religious,304,acoustically,304,snailfish,304,serving,304,art,304,grouping,304,ages,304,within,304,subjects,304,had,304,just,304,tuna,304,public,304,fishkeepers,304,cages,304,although,1216,ectothermic,304,communicate,304,deities,304,lack,304,farm,304,digits,304,external,304,fisheries,304,commercial,304,bony,304,food,304,humans,304,caught,304,raised,304,more,304,also,304,fish,5776,fishers,608,important,304,group,304,kept,304,greater,304,described,304,ocean,608,subsistence,304,oceans,304,role,304,depths,304,books,304,deepest,608,hadal,304,various,608,been,608,gudgeon,304,char,304,craniate,304,by,1216,vertebrates,304,environments,304,nearly,304,ambient,304,found,304,water,304,bodies,304,courtship,304,abyssal,304,feeding,304,often,608,each,304,chordates,304,core,304,however,304,mammals,608,hold,304,movies,304,mountain,304,aggression,304,shark,304,active,304,evolve,304,large,304,body,304,most,912,cladistically,304,birds,304,all,304,diversity,304,spine,304,teleosts,304,arthropods,304,after,304,pets,304,around,304,agile,304,though,304,cartilaginous,304,amphibians,304,jaws,304,animals,304,counterparts,304,predators,608,armor,304,furthermore,304,ponds,304,used,608,worldwide,304,exhibit,304,has,304,hagfish,304,variety,304,into,304,rather,304,groups,304,diversifying,304,through,608,higher,304,other,608,biology,304,earliest,304,continue,304,would,304,reptiles,304,their,608,than,912,possessed,304,therefore,304,invertebrate,304,resource,304,allowed,304,swimmers,304,wild,304,formidable,304,emerged,304,paleozoic,608,excluding,304,culture,304,organisms,304,lampreys,304,like,304,coldblooded,304,with,1520,belonging,304,gillbearing,304,period,608,forms,304,aquaculture,304,true,304,appeared,608,usually,304,cambrian,304,change,304,became,304,definition,304,classified,304,even,304,are,3040,class,304,softbodied,304,exhibited,304,especially,304,plus,304,prey,304,abundant,304,which,608,temperatures,608,yet,304,were,304,aquaria,304,actinopterygii,304,cuskeels,304,hunt,304,from,608,silurian,304,eg,608,marine,304,aquatic,608,being,304,streams,304,species,1216,protected,304,notochords,304,rayfinned,304,instead,304,context,304,approximately,304,allowing,304,wide,304,such,304,developed,304,related,304,symbols,304,living,608,for,608,as,3040,sharks,304,lacked,304,during,304,documented,304,white,304,vary,304,limbs,304,included,304,temperature,304,extinct,304,recreational,304,high,304,

baboon.html,wild,261,stay,261,whereas,261,group,522,leave,261,around,261,lives,261,maturity,522,reach,522,year,261,about,261,weaned,261,offspring,522,share,261,young,261,caretaker,261,primary,261,tend,261,infant,261,gestation,261,give,261,partly,261,females,1044,males,522,order,261,mate,261,general,261,between,522,relations,261,dominance,261,what,261,vocal,261,determine,261,hierarchical,261,live,522,most,522,typically,261,hyenas,261,leopards,261,usually,522,crocodiles,261,consists,261,omnivorous,261,woodlands,261,eight,261,open,261,found,261,animals,261,predators,522,average,261,away,261,night,261,captivity,261,after,522,years,1044,rocks,261,troops,261,terrestrial,261,diurnal,261,development,261,sixmonth,261,variety,261,ischial,261,guinea,261,exhibit,261,exchanges,261,thick,261,cm,522,doglike,261,smallest,261,sitting,261,cercopithecidae,261,called,261,pads,261,lb,522,hairless,261,kg,522,nerveless,261,depending,261,tails,261,harems,261,cliffs,261,their,2088,colour,261,plants,261,eyes,261,closeset,261,across,261,except,261,teeth,522,jaws,261,sharp,261,muzzles,522,long,261,before,261,duties,261,peninsula,261,all,522,yellow,261,length,522,trees,261,while,522,old,261,callosities,261,weighs,522,high,261,manes,261,protruding,261,from,522,dimorphism,261,world,261,powerful,261,size,522,million,261,comfort,261,birth,522,are,2349,for,1044,existed,261,nonhominoid,261,sexual,783,principal,261,male,522,fur,261,only,261,same,261,skin,261,nile,261,canine,522,arabian,261,largest,522,mating,261,baboon,2610,among,522,white,261,vary,261,buttocks,261,africa,522,five,261,monkeys,261,also,261,with,522,native,522,short,261,species,783,provide,261,least,261,olive,261,although,261,depends,261,female,261,weight,261,genus,261,each,522,rank,261,genera,261,diet,261,hamadryas,783,andor,261,savannas,261,family,261,individuals,261,papio,261,comprising,261,containing,261,chacma,522,large,261,primates,522,areas,261,six,522,social,261,heavy,261,lions,261,baboons,2610,part,261,sleep,261,kinda,522,

lemur.html,appreciation,397,habitats,397,opportunities,397,initiatives,397,afforestation,397,adopt,397,encouraging,397,implement,397,foundation,397,addition,397,eastern,397,rainforests,397,sites,397,world,397,ecotourism,397,fauna,397,biodiverse,397,exemplifies,397,flagship,397,facilitated,397,iconic,397,next,397,wild,397,extinction,397,noting,397,mammals,397,organizations,397,worlds,397,efforts,397,conservation,1588,thwart,397,instability,397,conspire,397,privation,397,economic,397,illegal,397,help,397,expand,397,heritage,397,largest,397,fady,397,extant,397,larger,397,preserve,397,referred,397,activity,397,extinct,397,important,397,gone,397,already,397,union,397,endangered,794,while,397,remain,397,superfamily,397,human,794,after,397,ago,397,insights,397,lemur,4367,focused,397,shared,397,resumed,397,hunting,397,specimen,397,political,794,by,397,collectively,397,their,1985,mids,397,are,3573,hindered,397,initially,397,characteristics,397,threats,397,earnest,397,did,397,trees,397,during,794,local,794,different,397,active,397,forest,397,ecological,397,same,397,sustainable,397,coexist,397,leaves,397,eat,397,dominance,397,most,2382,apes,397,lb,397,braintobody,397,breeding,397,forests,397,more,397,also,397,communitybased,397,hibernation,397,dormancy,397,awareness,397,rate,397,considers,397,eyes,397,metabolic,397,low,397,relatively,397,visual,397,although,397,communicate,397,rhinarium,397,nose,397,diversity,397,all,794,anthropoid,794,international,397,than,1191,smaller,397,logging,397,specialists,397,loss,397,ratio,397,claws,397,center,397,wide,397,such,2382,begin,397,gram,397,common,397,issues,397,wetnosed,397,shortly,397,taxonomy,397,female,397,depends,397,strepsirrhine,794,weight,397,nails,397,subfossil,397,communities,397,used,397,primates,2382,resemblance,397,divided,397,mouse,397,however,1191,tail,397,range,397,since,397,families,397,status,397,scents,397,consisting,397,promoted,397,within,397,snout,397,discovered,397,seek,397,with,2382,gorilla,794,archaeoindris,397,mix,397,for,1588,torpor,397,as,5955,existing,794,emergence,397,divergent,397,were,397,result,397,wet,397,arrived,397,programs,397,humans,397,digits,397,rivaling,397,from,794,duke,397,produced,397,lmjrdi,397,variety,397,exhibit,397,has,397,public,397,size,794,pointed,397,concept,397,protect,397,controversial,397,numbers,397,years,1191,last,397,evolution,794,typically,397,ancestral,397,generally,794,seasonal,794,vocalizations,397,feet,397,declining,397,due,1588,being,397,yield,397,field,397,madagascars,397,male,397,indri,397,genera,397,independently,397,lemurs,6352,agriculture,397,monkeys,397,research,794,iucn,397,social,794,highly,397,night,397,confront,397,primate,1191,kilogram,397,live,397,signals,397,employment,397,instead,397,hands,397,madagascar,1985,long,397,centuries,397,chiefly,397,ecology,397,threat,397,full,397,classification,397,large,794,around,794,traits,794,fruits,397,small,397,which,397,species,4367,increasingly,397,habitat,397,studies,794,island,794,evolved,397,taxonomic,397,other,794,promote,397,share,794,basal,794,until,794,group,397,diets,397,level,397,modern,397,approaches,397,into,397,oz,397,collection,397,been,397,nature,397,climate,397,atsinanana,397,traditions,397,behavior,397,lemuroidea,397,endemic,397,

cat.html,various,66,rodents,66,kill,66,their,66,companionship,66,breeds,66,for,66,valued,66,contact,66,human,66,avoids,66,about,66,by,132,feral,132,recognized,66,pets,66,cats,264,as,132,from,66,house,132,wild,66,commonly,132,members,66,humans,66,felis,66,felidae,66,ranges,66,family,132,also,66,carnivorous,66,domesticated,66,only,66,are,198,mammal,66,small,66,cat,396,catus,66,farm,66,domestic,198,registries,66,referred,66,freely,66,species,132,ability,66,kept,66,distinguish,66,

komodo.html,list,179,red,179,iucn,179,endangered,179,climate,179,effects,179,contract,179,human,179,due,358,range,179,wild,179,change,179,contracted,179,popular,179,reputation,179,fearsome,179,activities,179,large,179,scientists,179,western,179,were,179,take,179,adults,179,cannibalistic,179,likely,179,dwell,179,zoo,179,komodo,1790,vulnerable,179,further,179,such,179,months,179,mammals,179,plentiful,179,eat,179,insects,179,megapode,179,incubated,179,hole,179,nesting,179,length,179,trees,179,nest,179,most,179,august,179,mating,179,attack,179,seven,179,eggs,537,occasionally,179,including,179,carrion,179,amounts,179,years,358,considerable,179,from,179,hunt,179,deposited,179,timorensis,179,begins,179,rusa,358,consists,179,listed,179,diet,179,world,179,laid,179,reptile,179,hunting,179,javan,179,avoid,179,birds,179,selfdug,179,species,179,invertebrates,179,ecosystems,179,live,358,prey,179,dominate,179,estimated,179,predators,358,september,179,group,179,has,179,apex,179,dragons,1253,abandoned,179,time,179,size,358,maximum,179,their,537,mature,179,known,179,lb,179,weighing,179,as,1074,for,179,result,179,april,179,member,179,behavior,179,growing,179,rinca,179,though,179,varanidae,179,recorded,179,young,179,extant,179,exhibits,179,between,179,monitor,358,flores,179,islands,179,kg,179,hatching,179,make,179,varanus,179,endemic,179,indonesian,179,humans,179,largest,179,which,179,mainly,179,are,1432,ft,179,lizard,358,komodoensis,179,also,537,eight,179,by,358,dragon,179,ambush,179,exceptional,179,motang,179,when,179,family,179,gili,179,

apes.html,infection,286,survival,286,virus,286,also,286,bushmeat,286,hunting,286,imperiled,286,tropical,286,loss,286,chief,286,bonobo,286,orangutan,286,endangered,858,critically,286,eastern,286,threatened,572,nonhuman,286,outnumbering,286,far,286,by,858,habitation,286,least,572,technology,286,development,286,part,286,other,572,facing,286,from,572,vulnerable,286,hoolock,286,extinction,572,sometimes,286,populations,286,diets,286,seeds,572,stalks,286,leaves,286,nuts,286,food,286,majority,286,foods,572,roots,286,animal,286,plant,572,variety,286,numerous,286,wide,286,trees,286,climbers,286,hominoids,858,southeast,286,chimpanzees,858,comprising,286,panins,286,black,286,gorillas,858,hominidae,286,lighter,286,ground,286,subsaharan,286,all,1716,siamang,286,bonobos,286,lar,286,groups,286,great,1144,gibbon,1430,species,2860,four,858,bodies,286,except,286,hylobatidae,286,include,1144,hominids,572,hominoid,286,subspeciesa,286,subspecies,858,different,286,tails,286,lesser,572,threat,858,gibbons,286,agile,286,single,286,though,858,smaller,286,ebola,572,mutation,286,superfamily,286,catarrhine,286,extant,1430,hominoidea,572,range,286,native,572,total,286,taxon,286,death,286,scientific,286,grass,286,family,572,rare,286,barbary,286,considered,572,than,286,taxonomically,286,highly,286,social,286,being,572,orangutans,286,clade,572,europe,286,sister,286,since,286,term,286,african,286,remaining,286,their,858,bipedal,286,thus,286,fruits,286,traditional,286,equivalent,286,due,572,were,286,much,286,five,286,monkeys,286,humans,858,thousand,286,making,286,cladistically,286,currently,286,form,286,factor,286,cercopithecidae,572,substantially,286,which,572,more,286,rainforest,286,ape,858,nonscientific,286,group,286,together,286,simians,286,tailless,286,eat,286,branches,286,most,858,human,286,its,286,gene,286,prehistory,286,for,858,as,1144,tbxt,286,widespread,286,including,572,further,286,such,286,only,286,asia,858,africa,858,fact,286,world,286,responsible,286,arboreal,286,apes,2860,habitat,286,old,286,primates,572,genera,572,debate,286,greatest,286,are,3432,gorilla,286,with,858,subject,286,

catfish.html,example,113,loricariidae,113,crepuscular,113,diurnal,113,auchenipteridae,113,genus,113,particularly,113,smaller,113,fished,113,larger,113,skull,113,important,113,features,113,by,113,commercial,113,defined,113,considerable,113,members,113,others,113,food,113,despite,113,scales,113,armourplated,113,hobby,113,corydoras,113,vandellia,113,commonly,113,parasitic,113,bottom,113,tiny,113,eat,113,material,113,detritivores,113,all,113,eurasia,113,asia,113,naked,113,southeast,113,giant,113,america,113,mekong,113,species,565,called,113,fish,113,dead,113,from,226,size,113,sljrfrmiz,113,callichthyidae,113,importance,113,range,113,cats,113,farmed,113,even,113,resemble,113,nocturnal,113,their,226,aquarium,113,barbels,226,order,226,candiru,113,most,113,which,113,prominent,226,for,339,swimbladder,113,whiskers,226,south,113,nor,113,are,791,piraba,113,rayfinned,113,diverse,113,siluriformes,226,cirrhosa,113,alive,113,named,113,behavior,113,types,226,group,113,nematognathi,113,largest,113,name,113,catfishes,113,wels,113,catfish,791,

seahorse.html,family,55,phyllopteryx,55,phycodurus,55,seadragons,55,pipefishes,55,along,55,posture,55,upright,55,tail,55,armour,55,bony,55,segmented,55,syngnathidae,55,prehensile,55,feature,55,seahorses,55,suggestive,55,neck,55,animal,55,head,55,monster,55,kmpos,55,meaning,110,from,110,hppos,55,comes,55,hippkampos,55,with,55,species,55,greek,55,horse,165,hippocampus,110,also,110,form,55,curled,55,genus,55,small,55,ancient,55,having,55,fish,55,itself,55,seahorse,110,sea,165,written,55,marine,55,

animal.html,religion,282,mythology,282,terrestrial,282,hunting,282,appeared,282,used,282,dogs,282,wool,282,materials,282,make,282,humans,282,between,282,relationships,282,evolutionary,282,effective,282,phylogenetics,282,nonhuman,282,molecular,282,techniques,282,advanced,282,relies,282,times,564,singlecelled,282,protozoa,282,synonymous,282,haeckel,282,taxa,282,expanded,282,transport,282,jeanbaptiste,282,naturae,282,working,282,classification,564,without,282,divided,564,aristotle,282,ancestor,282,historically,282,groups,282,ago,564,lamarck,282,genes,282,years,564,began,282,explosion,282,all,282,cambrian,282,aquatic,282,marine,282,featured,282,record,282,linnaeus,282,fossil,282,blood,282,became,282,leather,282,phyla,564,meat,282,into,846,modern,564,late,282,ediacaran,282,identified,282,present,282,pets,282,single,282,vertebrates,282,art,282,latter,282,prey,282,echinoderms,282,hunted,282,deuterostomes,282,molluscs,282,flatworms,282,birds,564,arthropods,282,nematodes,282,milk,282,containing,564,interpreted,282,protostomes,282,established,282,animals,3948,plan,282,estimated,282,symmetric,282,earliest,282,other,282,bilaterally,282,life,282,each,282,clade,282,webs,282,bilateria,564,metazoa,282,describedof,282,known,282,breathe,282,food,564,intricate,282,annelids,282,reptiles,282,their,282,members,282,insects,282,whose,282,body,282,ernst,282,study,282,interactions,282,forms,282,reproduce,282,were,564,are,2820,ft,282,include,282,metres,282,common,564,exceptions,282,length,282,sphere,282,range,282,total,282,created,282,sexually,282,scientific,282,longer,282,micrometres,282,has,282,complex,282,chordates,282,animalia,564,lived,282,mammalsbut,282,by,282,environments,282,considered,282,over,564,precambrian,282,biota,282,around,1128,most,282,which,1128,grow,282,zoology,282,fishes,282,sports,282,material,282,blastula,282,eggs,282,living,846,development,282,embryonic,282,million,1410,hierarchical,282,during,564,hollow,282,animal,1692,species,1410,carl,282,been,1128,early,282,demonstrating,282,move,282,for,1410,as,3102,biological,846,forming,282,from,1128,consume,282,including,846,arisen,282,such,1128,organic,282,multicellular,564,while,282,able,282,oxygen,282,systema,282,eukaryotic,282,cells,282,clearly,282,with,1410,kingdom,564,organisms,564,

